<?xml version="1.0" encoding="utf-8"?>
<files xmlns="http://apstandard.com/ns/1">
	<file name="htdocs/index.php" size="129" sha256="d6ef7e2ecba4fe123bd164187982d5b007f8ae6ee1a4118209149d9b5af8c841"/>
	<file name="htdocs/license.txt" size="22536" sha256="35fd8bbcd74713b33ebe604e84d0f24d5f727b8a5f3d77ffe33e02c223401249"/>
	<file name="scripts/configure.php" size="30530" sha256="73a7b3ef2bb216eceef8acf77f6400c467f06fc1f1c6a996ad4d521fca90db00"/>
	<file name="scripts/license-install.php" size="6765" sha256="13dccf5876f945119419af779a64a5e456da68822c77a67f04844eb1f1c39123"/>
	<file name="APP-META.xml" size="6950" sha256="9ac43c4a6a2d169fb5a174ec22fcbcf6edf56c4ca005dc5bc12b91edc0aeb531"/>
	<file name="images/screen-shot.png" size="233965" sha256="6e1655ee020618227f64dc66b45df34773aaa7a3dd20360f254e181123e303ac"/>
	<file name="images/icon.png" size="6275" sha256="2895717370ae5b915bd7f1eb8b1fa417f8adf50d51886f5cb240c527baee538f"/>
	<file name="images/icon.gif" size="1518" sha256="fc030f7aac347858ceeaecced872702aeda5c472da04696c97a9eae78ee972ab"/>
</files>
