<?xml version="1.0" encoding="utf-8"?>
<files xmlns="http://apstandard.com/ns/1">
	<file name="htdocs/index.php" size="129" sha256="d6ef7e2ecba4fe123bd164187982d5b007f8ae6ee1a4118209149d9b5af8c841"/>
	<file name="htdocs/license.txt" size="22536" sha256="35fd8bbcd74713b33ebe604e84d0f24d5f727b8a5f3d77ffe33e02c223401249"/>
	<file name="htdocs/cf-admin/cflicense.php" size="0" sha256="e3b0c44298fc1c149afbf4c8996fb92427ae41e4649b934ca495991b7852b855"/>
	<file name="htdocs/cf-admin/apikey.php" size="9" sha256="6fd33d0181cd2f3ebbf35557ab0b645eea07b54c555e7be924e14903ee3b0909"/>
	<file name="scripts/configure.php" size="35119" sha256="1a6558fe35d68e32e6553723d07fcb9d47f6390b1f4394c056e9d577cea82cce"/>
	<file name="scripts/license-install.php" size="6761" sha256="149ff48e5c1bcd5a6796f476c67992f909e6ca190128daba3fed9d399ed48b3a"/>
	<file name="APP-META.xml" size="7800" sha256="dafffbfb6efff04e172d665e5f1e43d75eacbaa8a6f1ed4c7bbf73846c49e4ba"/>
	<file name="images/screen-shot.png" size="233965" sha256="6e1655ee020618227f64dc66b45df34773aaa7a3dd20360f254e181123e303ac"/>
	<file name="images/icon.png" size="6275" sha256="2895717370ae5b915bd7f1eb8b1fa417f8adf50d51886f5cb240c527baee538f"/>
	<file name="images/icon.gif" size="1518" sha256="fc030f7aac347858ceeaecced872702aeda5c472da04696c97a9eae78ee972ab"/>
</files>
