<?xml version="1.0" encoding="utf-8" ?>
<application xmlns="http://apstandard.com/ns/1" version="1.2" packaged="2012-09-25T12:21:01">
	<id>http://cloudflare.com/</id>
	<name>CloudFlare For Plesk</name>
	<version>3.0.0</version>
	<release>24</release>
	<homepage>http://www.cloudflare.com/</homepage>
	<vendor>
		<name>CloudFlare.com</name>
		<homepage>http://www.cloudflare.com/</homepage>
		<icon path="images/icon.png"/>
	</vendor>
	<packager>
		<name>CloudFlare</name>
		<homepage>http://www.cloudflare.com</homepage>
		<icon path="images/icon.png"/>
		<uri>uuid:714f0a7b-85d6-4eb8-c68e-40f9acbb3103</uri>
	</packager>
	<presentation>
		<summary>CloudFlare accelerates and protects any website online. </summary>
		<description>
		CloudFlare protects and accelerates any website online. Once your website is a part of the CloudFlare community, its web traffic is routed through our intelligent global network. We automatically optimize the delivery of your web pages so your visitors get the fastest page load times and best performance. We also block threats and limit abusive bots and crawlers from wasting your bandwidth and server resources. The result: CloudFlare-powered websites see a significant improvement in performance and a decrease in spam and other attacks. CloudFlare is available in two versions - Free and Performance Plus. CloudFlare Performance Plus makes your website even faster and safer and is required for sites with SSL.  You need to purchase a license for CloudFlare Performance Plus but don't need one for CloudFlare Free.
		</description>
		<icon path="images/icon.png"/>
		<screenshot path="images/screen-shot.png">
			<description>How CloudFlare works.</description>
		</screenshot>
		<changelog>
			<version version="3.0.0" release="24">
					<entry>Updated release, use getenv instead of $_SERVER in configure.php and license-install.php scripts.  Also, removing cloudflare for a domain will now restore DNS records to original state prior to installing CF</entry>
			</version>
			<version version="3.0.0" release="23">
					<entry>Updated release for better DNS record handling and compatibility with other APS packages using DNS.</entry>
			</version>
			<version version="3.0.0" release="22">
					<entry>Updated release for better compatibility with writing to files.</entry>
			</version>
			<version version="3.0.0" release="21">
				<entry>Updated release to address issue related to subscriptions getting properly activated on CloudFlare.</entry>
			</version>
			<version version="3.0.0" release="20">
				<entry>Updated release to automatically generate Host API key.</entry>
			</version>
			<version version="3.0.0" release="19">
				<entry>Initial Release for a revamped app.</entry>
			</version>
		</changelog>
		<categories>
			<category>Infrastructure/Security</category>
			<category>Web/Tools</category>
		</categories>
		<languages>
			<language>en</language>
		</languages>
	</presentation>

	<global-settings>
		<group>
			<name>Global CloudFlare Settings</name>
			<setting id="host_name" type="string" default-value="">
				<name>Company Name</name>
				<description>Formal company name verifies you as a CloudFlare Certified Service Partner.</description>
			</setting>
			<setting id="host_website" type="string" default-value="">
				<name>Company Website</name>
				<description>Website that will be related to your CloudFlare Certified Service Provider account.</description>
			</setting>
			<setting id="host_email" type="email" default-value="">
				<name>Company Email</name>
				<description>E-mail associated with your CloudFlare Certified Service Provider account.  Keep this email on file for all CloudFlare requests. If you forget your e-mail associated with CloudFlare, please contact plesk@cloudflare.com.</description>
			</setting>
		</group>
	</global-settings>

	<service id="cloudflare">
		<license must-accept="true">
			<commercial />
			<text>
				<name>GPLv2</name>
				<file>htdocs/license.txt</file>
			</text>
		</license>
		<presentation>
			<name>CloudFlare for Plesk</name>
			<summary>CloudFlare accelerates and protects any website online.</summary>
			<infolinks>
				<link class="official" href="http://www.cloudflare.com">Official site</link>
				<link class="support" href="http://support.cloudflare.com">Support site</link>
			</infolinks> 
			<entry-points>
				<entry dst="http://www.cloudflare.com/media/downloads/cloudflare-plesk-instructions.pdf">
					<label>Installation Instructions</label>
					<label xml:lang="en">Installation Instructions</label>
					<icon path="images/icon.png" />
				</entry>
				<entry dst="/">
					<label>User Site Front End</label>
					<label xml:lang="en">User Site Front End</label>
					<icon path="images/icon.png" />
				</entry>
			</entry-points>
		</presentation>
		<settings>
			<group>
				<name>Administrator's preferences</name>
				<setting id="admin_username" type="string" default-value="">
					<name>CloudFlare username</name>
					<description>CloudFlare usernames must consist of letters and numbers. Delineation using . - or _ characters is allowed.</description>
				</setting>
				<setting id="cf_email" type="email" default-value="">
					<name>CloudFlare email</name>
					<description>You will use this email address to login after installation.</description>
				</setting>
				<setting id="cf_password" type="password" default-value="">
					<name>CloudFlare password</name>
					<description>You will use this password to login after installation.</description>
				</setting>
				<group class="authn">
					<setting id="admin_login" class="login" type="string" default-value="admin" min-length="1" regex="^[a-zA-Z]{1}[0-9a-zA-Z_\-]{0,32}" visibility="hidden">
						<name>Domain User</name>
					</setting>
					<setting id="admin_password" class="password" type="password" min-length="1" visibility="hidden">
						<name>Password</name>
					</setting>
				</group>
			</group>
			<group>
				<name>CloudFlare settings</name>
				<setting id="cf_enabled" type="enum" default-value="on">
					<name>CloudFlare Enabled</name>
					<description>Setting this to "on" will enable cloudflare for the root domain and any subdomains in the subdomain inclusion list below.</description>
					<choice id="off">
						<name>off</name>
					</choice>
					<choice id="on">
						<name>on</name>
					</choice>
				</setting>
				<setting id="cf_sub_inclusion" type="string" default-value="www">
					<name>Subdomain inclusion list</name>
					<description>Enter a comma separated list of the subdomains that you would like CloudFlare-enabled (ie. www,mysub NOT www.mydomain.com, mysub.mydomain.com).  Note: Each subdomain must have an existing A record or CNAME record. Check this on your control panel (Website and Domains > DNS Settings > Manage) for the root domain.</description>
				</setting>
			</group>
		</settings>
		<requirements xmlns:php="http://apstandard.com/ns/1/php" xmlns:l="http://apstandard.com/ns/1/licensing">
			<l:license id="main" type="urn:pla:cloudflare:1">
				<l:optional />
			</l:license>
			<php:version min="5.1.6"/>
			<php:extension>curl</php:extension>
		</requirements>
		<provision xmlns:l="http://apstandard.com/ns/1/licensing">
			<url-mapping>
				<default-prefix>CloudFlare</default-prefix>
				<installed-size>286111</installed-size>
				<mapping url="/" path="htdocs" xmlns:php="http://apstandard.com/ns/1/php">
					<php:handler>
					<php:extension>php</php:extension>
					</php:handler>
				</mapping>
			</url-mapping>
			<configuration-script name="configure.php">
				<script-language>php</script-language>
			</configuration-script>   
			<l:license-script name="license-install.php">
				<script-language>php</script-language>
			</l:license-script>
		</provision>
	</service>
</application>
