<?xml version="1.0" encoding="utf-8"?>
<files xmlns="http://apstandard.com/ns/1">
	<file name="htdocs/license.txt" size="22536" sha256="35fd8bbcd74713b33ebe604e84d0f24d5f727b8a5f3d77ffe33e02c223401249"/>
	<file name="htdocs/cf-admin/cflicense.php" size="0" sha256="e3b0c44298fc1c149afbf4c8996fb92427ae41e4649b934ca495991b7852b855"/>
	<file name="htdocs/index.php" size="129" sha256="d6ef7e2ecba4fe123bd164187982d5b007f8ae6ee1a4118209149d9b5af8c841"/>
	<file name="images/icon.gif" size="1518" sha256="fc030f7aac347858ceeaecced872702aeda5c472da04696c97a9eae78ee972ab"/>
	<file name="images/icon.png" size="6275" sha256="2895717370ae5b915bd7f1eb8b1fa417f8adf50d51886f5cb240c527baee538f"/>
	<file name="images/screen-shot.png" size="233965" sha256="6e1655ee020618227f64dc66b45df34773aaa7a3dd20360f254e181123e303ac"/>
	<file name="APP-META.xml" size="7751" sha256="5c0287b8f457085844cdc528c4a2ac2befd58a30f629b0aab50bbade9f642d2a"/>
	<file name="scripts/license-install.php" size="5296" sha256="938f84ea098967f9d6ad8ad6d13be1b4d680a6aca8b8b37a0879bce3610e2f2a"/>
	<file name="scripts/configure.php" size="31453" sha256="1c7e2444f3eb06b78cbaccbc50caae4c78499fa9e986cda9e39a4200e1d85fc4"/>
</files>
